month,Addiction,ADHD,Alcoholism,Aleppo,Amazon rainforest,Anger management,Anorexia,Anxiety,Australia fires,Bahamas,Bees,Beirut,Bipolar,Black Lives Matter,BPD,Breakup,Bulimia,Cancer,Climate change,Coronavirus,Depression,Eating disorder,Flint Michigan,Flood,Fort McMurray,Grief,Haiti,Hoarding,Homelessness,Houston,Hurricane Harvey,India,Kerala,Las Vegas,Louisiana,Mental illness,Migrant children,Narcissism,Nepal,OCD,Orlando,Palestine,Panic attack,Paris,Poverty,PTSD,Puerto Rico,Quitting smoking,Rape,Refugee,Schizophrenia,Seizure,Self harm,Self-esteem,"Shortness of breath, covid",Standing Rock,Sudan,Suicidal ideation,Syria,Texas,Wildfire,Yemen
Jan 2015,71.82,48.01,74.28,0.00,0.00,17.14,59.12,21.43,2.64,1.73,15.03,0.00,34.28,0.00,25.71,69.25,57.90,60.59,#DIV/0!,0.00,73.84,8.57,0.00,4.45,0.00,50.86,0.00,32.04,26.10,0.00,0.00,7.50,0.00,2.51,1.96,16.99,0.00,25.82,0.00,13.58,6.81,40.05,21.43,0.00,51.18,30.87,0.00,56.34,17.14,2.33,51.42,19.18,43.85,34.07,0.00,0.00,3.08,8.57,1.58,4.05,0.00,0.00
Feb 2015,47.67,36.86,58.34,0.00,0.00,9.21,42.36,13.82,0.00,0.00,0.00,0.00,55.27,0.00,18.42,65.67,31.12,94.71,#DIV/0!,0.00,67.31,6.14,0.00,0.00,0.00,54.66,3.65,22.96,37.41,0.00,0.00,4.61,0.00,0.00,2.10,59.35,0.00,0.00,0.00,51.07,3.66,0.00,27.63,0.00,24.45,59.71,0.00,50.46,18.42,2.50,36.85,41.22,78.54,58.58,0.00,0.00,3.31,9.21,1.70,5.81,0.00,0.00
Mar 2015,82.47,46.86,64.14,0.00,0.00,33.46,96.18,8.37,0.00,0.00,14.67,0.00,29.28,0.00,25.10,55.66,28.26,37.64,#DIV/0!,0.00,70.79,19.52,0.00,2.17,0.00,39.72,0.00,10.42,56.62,0.00,0.00,4.18,0.00,0.00,1.91,37.32,1.33,50.41,0.00,46.39,6.65,0.00,20.92,2.65,61.06,36.15,0.00,45.83,25.10,2.84,58.56,56.15,49.93,86.46,0.00,0.00,0.00,8.37,3.09,11.87,0.00,0.00
Apr 2015,70.44,62.38,37.53,0.00,0.00,17.32,59.75,17.32,0.00,0.00,0.00,0.00,43.31,0.00,17.32,41.17,58.52,55.66,#DIV/0!,0.00,70.63,23.10,0.00,0.00,0.00,41.12,3.43,64.76,35.17,2.33,0.00,11.91,2.68,5.07,1.98,30.05,0.00,52.19,100.00,48.03,3.44,0.00,28.87,2.74,40.23,31.19,0.00,28.47,8.66,1.18,17.32,38.76,36.93,75.74,0.00,0.00,0.00,8.66,3.20,4.10,0.00,0.00
May 2015,68.13,46.93,50.27,0.00,1.48,25.13,28.89,25.13,0.00,0.00,14.69,0.00,46.08,0.00,41.89,31.85,28.30,75.37,#DIV/0!,0.00,63.80,19.55,0.00,8.70,0.00,39.77,0.00,31.32,31.19,3.00,0.00,5.24,2.60,4.90,1.91,53.98,0.00,50.48,34.43,39.82,0.00,0.00,29.32,0.00,55.59,36.20,0.00,55.07,8.38,0.57,50.27,37.49,100.00,79.92,0.00,0.00,0.00,16.76,0.77,13.20,0.00,0.00
Jun 2015,75.94,34.25,59.91,0.00,0.00,8.56,29.52,8.56,0.00,0.00,15.01,0.00,29.96,0.00,25.68,61.02,14.46,44.00,#DIV/0!,0.00,63.21,11.41,0.00,4.44,0.00,64.33,6.78,10.66,43.45,1.53,0.00,2.14,0.00,0.00,3.91,25.45,0.00,25.79,5.02,54.24,3.40,0.00,15.69,0.00,34.08,18.49,0.00,46.88,21.40,1.16,59.91,76.60,51.08,47.63,0.00,0.00,0.00,0.00,0.79,14.84,6.05,0.00
Jul 2015,94.90,50.24,89.29,0.00,0.00,25.11,67.37,8.37,0.00,0.00,29.36,0.00,50.23,0.00,25.11,15.91,42.42,37.66,#DIV/0!,0.00,71.48,25.11,0.00,2.17,0.00,43.05,3.32,31.29,31.16,0.75,0.00,1.05,0.00,7.34,0.00,33.19,0.00,0.00,3.28,6.63,0.00,0.00,23.72,0.00,38.88,54.27,0.00,27.51,8.37,3.41,50.23,46.82,28.55,46.58,0.00,0.00,0.00,8.37,2.32,5.28,0.00,0.00
Aug 2015,55.22,29.88,60.85,0.00,0.00,24.89,38.16,16.60,0.00,0.00,29.11,0.00,49.79,0.00,49.79,67.04,56.06,37.33,#DIV/0!,0.00,69.58,8.30,0.00,6.46,0.00,42.68,0.00,31.02,42.12,1.49,0.00,3.11,0.00,4.85,1.90,41.13,0.00,100.00,1.62,26.29,3.30,0.00,27.66,0.00,27.53,35.86,1.45,100.00,20.75,11.84,33.19,27.85,56.60,19.79,0.00,0.00,0.00,8.30,6.13,2.62,17.59,0.00
Sep 2015,73.72,61.46,45.81,0.00,0.00,16.17,74.36,36.38,0.00,0.00,28.36,0.00,56.59,0.00,40.42,73.00,13.66,62.35,#DIV/0!,0.00,85.82,16.17,0.00,4.20,0.00,44.78,0.00,80.59,32.83,2.17,0.00,5.05,0.00,2.36,1.85,24.04,1.28,73.07,3.16,44.83,3.21,0.00,25.60,0.00,69.74,40.76,0.71,70.85,28.30,100.00,8.08,36.18,13.79,44.99,0.00,0.00,0.00,8.08,100.00,11.47,0.00,0.00
Oct 2015,68.13,49.16,58.87,0.00,0.00,15.36,44.14,34.55,0.00,0.00,0.00,0.00,69.11,0.00,38.39,43.79,25.94,39.48,#DIV/0!,0.00,71.47,17.92,0.00,19.93,0.00,24.30,3.04,38.27,57.17,2.75,0.00,5.76,0.00,0.00,3.51,53.28,0.00,23.13,1.50,42.58,0.00,35.88,26.88,0.00,66.24,49.78,0.00,50.47,19.20,13.05,53.75,17.18,52.38,54.94,0.00,0.00,0.00,7.68,11.34,4.84,0.00,0.00
Nov 2015,89.64,56.95,68.53,0.00,0.00,23.72,100.00,23.72,0.00,0.00,0.00,10.83,23.72,0.00,71.17,48.85,26.71,60.98,#DIV/0!,0.00,72.38,23.72,0.00,4.10,0.00,50.05,3.13,39.41,80.28,2.13,0.00,4.94,0.00,0.00,3.61,50.95,0.00,0.00,1.55,43.84,0.00,0.00,34.26,100.00,99.69,45.56,0.00,25.99,47.44,76.85,23.72,53.07,40.45,81.72,0.00,0.00,0.00,7.91,83.94,12.46,0.00,0.00
Dec 2015,50.77,66.57,79.23,0.00,0.00,15.85,36.43,43.58,1.22,0.00,0.00,0.00,55.46,0.00,47.54,75.31,66.91,50.92,#DIV/0!,0.00,71.91,26.41,0.00,47.29,0.00,50.15,0.00,59.23,96.52,0.00,0.00,2.97,0.00,2.32,0.00,47.12,0.00,47.74,0.00,31.38,0.00,0.00,40.93,0.00,57.83,34.24,0.00,52.08,11.88,33.38,23.77,35.45,33.78,25.19,0.00,0.00,0.00,15.85,33.64,12.49,0.00,0.00
Jan 2016,55.84,48.57,91.72,0.00,0.00,0.00,74.43,20.23,1.25,0.00,28.39,0.00,32.37,0.00,16.19,100.00,27.34,46.81,#DIV/0!,0.00,72.21,16.19,100.00,2.10,0.00,41.62,6.41,70.59,38.34,2.18,0.00,6.07,0.00,2.37,1.85,60.17,0.00,24.38,0.00,25.64,3.22,0.00,20.23,2.56,64.44,40.80,0.00,26.60,36.42,10.45,64.74,27.16,34.50,45.03,0.00,0.00,0.00,8.09,15.69,3.83,0.00,0.00
Feb 2016,93.09,50.38,55.96,0.00,0.00,25.18,38.60,12.59,0.00,0.00,14.72,0.00,46.16,0.00,16.79,55.85,42.53,80.91,#DIV/0!,0.00,52.30,25.18,97.24,2.18,0.00,36.53,3.32,52.29,25.56,1.50,0.00,4.20,0.00,0.00,3.83,58.24,0.00,0.00,3.28,46.54,3.34,39.22,39.17,2.65,61.27,66.50,0.00,82.76,16.79,7.42,41.97,28.17,57.25,40.04,0.00,0.00,0.00,0.00,8.52,11.91,0.00,0.00
Mar 2016,96.17,57.35,39.82,0.00,0.00,15.93,64.09,11.95,0.00,1.60,13.97,0.00,55.75,0.71,31.85,26.49,0.00,71.65,#DIV/0!,0.00,72.90,2.65,49.20,0.00,3.20,63.01,0.00,39.69,29.64,0.71,0.00,4.98,0.00,2.33,0.00,51.31,0.00,47.98,0.00,31.54,3.17,0.00,27.87,0.00,36.99,40.15,0.70,43.62,11.95,14.07,55.75,8.91,40.74,63.31,0.00,0.00,0.00,15.93,10.29,3.77,0.00,0.00
Apr 2016,86.75,52.41,40.93,0.00,0.00,0.00,28.24,20.47,0.00,0.00,28.71,0.00,28.65,0.00,16.37,58.36,13.83,63.13,#DIV/0!,0.00,72.42,8.19,0.00,10.62,0.00,80.96,0.00,0.00,41.56,3.67,0.00,3.07,0.00,2.39,1.87,16.23,0.00,73.99,3.20,51.88,0.00,0.00,31.38,0.00,59.75,64.86,0.71,44.84,24.56,9.46,32.75,45.79,41.88,52.06,0.00,0.00,0.00,0.00,5.29,6.45,5.78,0.00
May 2016,67.31,54.64,77.65,0.00,2.84,16.07,73.88,44.18,0.00,0.00,28.17,0.00,64.26,0.00,16.07,49.63,40.70,72.27,#DIV/0!,0.00,59.94,13.39,0.00,4.17,100.00,50.84,0.00,30.03,57.08,0.72,0.00,6.02,0.00,4.70,0.00,39.81,0.00,0.00,1.57,44.54,0.00,0.00,24.10,0.00,85.28,46.28,2.10,44.00,8.03,6.01,32.13,44.93,20.55,63.86,0.00,0.00,2.89,0.00,6.67,5.06,11.35,0.00
Jun 2016,55.80,40.27,78.27,0.00,0.00,41.93,77.13,16.77,0.00,0.00,14.71,0.00,37.74,0.00,16.77,63.77,14.16,37.73,#DIV/0!,0.00,64.51,11.18,0.00,17.41,6.74,53.08,0.00,52.25,53.92,0.75,0.00,2.10,0.00,0.00,0.00,54.04,0.00,25.27,0.00,33.21,100.00,0.00,33.54,0.00,66.78,60.40,0.00,9.19,29.35,5.13,33.54,56.29,21.45,100.00,0.00,0.00,3.01,0.00,6.97,9.25,0.00,0.00
Jul 2016,61.74,27.65,60.47,0.00,1.53,8.64,29.79,38.87,0.00,0.00,60.60,0.00,56.15,3.08,17.28,49.27,72.95,83.27,#DIV/0!,0.00,59.80,5.76,13.34,0.00,0.00,23.92,0.00,43.05,52.62,0.00,0.00,8.64,0.00,0.00,3.95,47.10,0.00,0.00,1.69,41.06,3.43,40.36,35.99,2.73,45.86,56.00,0.00,56.78,25.92,4.70,43.19,38.65,29.46,41.20,0.00,0.00,0.00,0.00,5.58,4.08,0.00,0.00
Aug 2016,47.48,45.55,64.22,2.30,0.00,8.76,30.21,35.03,0.00,0.00,30.72,0.00,43.79,0.00,35.03,62.43,14.79,50.65,#DIV/0!,0.00,59.96,11.68,0.00,100.00,0.00,48.50,0.00,21.83,50.38,0.00,0.00,6.57,0.00,0.00,100.00,30.39,0.00,52.77,0.00,20.81,0.00,0.00,32.11,2.77,58.11,12.62,0.00,57.57,21.89,11.31,35.03,88.17,14.93,13.92,0.00,0.00,0.00,8.76,20.21,4.14,0.00,0.00
Sep 2016,52.51,88.65,42.61,3.36,0.00,8.52,58.79,25.57,0.00,0.00,14.95,0.00,42.61,0.00,25.57,85.05,43.18,43.81,#DIV/0!,0.00,71.45,8.52,13.16,4.42,0.00,43.83,3.37,31.86,40.38,1.53,0.00,4.26,2.64,0.00,7.78,25.34,0.00,0.00,1.67,40.50,3.39,0.00,36.93,0.00,22.62,79.79,0.00,56.02,12.78,12.74,76.70,47.67,0.00,60.97,0.00,7.42,0.00,0.00,16.52,1.34,0.00,14.98
Oct 2016,64.24,45.63,57.02,5.35,0.00,8.15,28.10,16.29,0.00,1.64,100.00,0.00,44.80,0.00,32.58,38.71,27.52,31.41,#DIV/0!,0.00,65.17,13.58,12.58,8.46,0.00,45.11,100.00,50.75,63.40,0.73,0.00,1.02,0.00,2.38,1.86,28.26,0.00,49.08,0.00,25.81,9.71,0.00,38.01,0.00,70.27,46.94,0.00,89.24,20.36,12.18,40.73,54.67,20.84,45.33,0.00,10.64,0.00,16.29,15.79,5.14,0.00,0.00
Nov 2016,86.95,72.23,38.29,10.78,0.00,8.21,47.17,41.03,0.00,0.00,14.39,0.00,45.13,0.73,24.62,66.29,41.58,58.00,#DIV/0!,0.00,73.85,21.88,50.70,2.13,0.00,64.92,3.25,30.67,72.20,1.47,0.00,2.05,0.00,2.40,3.75,40.67,0.00,0.00,0.00,39.00,0.00,0.00,27.35,0.00,49.00,47.28,0.00,26.97,8.21,9.48,32.82,55.07,34.98,78.27,0.00,100.00,0.00,0.00,12.12,7.76,17.39,2.40
Dec 2016,60.60,53.95,60.81,100.00,0.00,7.93,27.36,19.83,0.00,0.00,13.91,0.00,43.62,0.00,39.66,49.01,0.00,35.68,#DIV/0!,0.00,76.88,5.29,6.13,0.00,0.00,59.62,3.14,29.65,85.89,0.00,0.00,3.97,2.46,0.00,0.00,39.31,0.00,23.90,0.00,31.41,6.31,0.00,27.76,5.02,100.00,51.42,0.00,34.76,23.80,16.71,47.59,44.36,27.05,25.22,0.00,17.26,2.85,0.00,39.54,6.25,0.00,9.30
Jan 2017,100.00,75.16,50.09,2.96,0.00,15.03,60.47,18.79,0.00,3.03,0.00,3.43,30.06,0.67,37.57,67.85,50.77,43.46,#DIV/0!,0.00,65.89,12.52,23.21,7.80,0.00,56.48,2.98,46.81,53.40,0.67,0.00,7.51,0.00,2.20,3.43,59.59,0.00,45.28,0.00,41.66,0.00,0.00,27.55,0.00,74.79,86.59,0.66,41.16,26.30,22.98,52.60,50.43,38.44,77.65,0.00,13.08,2.70,7.51,15.26,3.55,0.00,0.00
Feb 2017,63.30,67.44,45.48,1.05,1.42,24.08,18.46,16.05,0.00,0.00,14.08,0.00,40.13,0.00,40.13,61.03,27.11,77.37,#DIV/0!,0.00,77.80,16.05,6.20,4.17,0.00,57.16,3.18,30.00,51.61,0.00,0.00,8.03,0.00,4.69,1.83,47.74,0.00,24.18,1.57,25.43,0.00,0.00,28.09,5.08,47.93,46.25,0.00,17.59,4.01,12.55,24.08,35.92,41.06,38.28,0.00,6.99,8.66,24.08,8.15,3.79,0.00,4.70
Mar 2017,53.29,77.87,57.66,2.84,0.00,21.62,16.57,39.64,0.00,0.00,37.92,0.00,75.68,0.00,28.83,68.51,24.35,37.06,#DIV/0!,0.00,74.30,12.01,11.13,3.74,0.00,42.77,0.00,26.94,63.42,0.65,0.00,2.70,0.00,2.11,3.29,57.16,0.00,0.00,0.00,39.97,2.86,0.00,40.84,2.28,86.09,83.06,0.63,39.48,21.62,12.25,64.87,72.57,24.58,57.30,0.00,0.00,5.18,14.42,9.98,9.09,0.00,8.45
Apr 2017,62.52,58.44,41.00,1.01,0.00,7.69,53.03,19.22,0.00,1.55,40.45,0.00,38.44,0.00,30.75,47.50,25.97,29.64,#DIV/0!,0.00,91.66,20.50,11.87,3.99,0.00,45.62,0.00,47.90,49.43,0.69,0.00,4.80,2.38,4.50,0.00,60.97,1.22,23.16,1.50,36.54,0.00,35.92,44.85,0.00,56.12,60.91,1.34,25.27,15.38,11.49,30.75,51.60,58.99,61.12,0.00,6.69,0.00,38.44,34.06,7.27,0.00,0.00
May 2017,88.66,39.81,53.58,0.00,1.36,0.00,61.60,26.79,0.00,0.00,13.42,0.00,53.58,0.00,38.27,61.84,64.64,59.03,#DIV/0!,0.00,74.19,20.41,5.91,9.93,0.00,75.70,0.00,57.23,51.81,0.69,0.00,5.74,0.00,2.24,3.50,49.32,0.00,92.24,0.00,42.44,3.04,0.00,28.07,0.00,66.03,44.11,0.67,16.77,19.14,5.20,38.27,34.25,65.26,36.51,0.00,0.00,5.50,38.27,4.95,7.24,0.00,4.49
Jun 2017,70.10,61.78,48.76,1.07,0.00,8.13,9.34,20.32,0.00,0.00,14.25,0.00,44.70,0.72,48.76,61.80,41.18,52.23,#DIV/0!,0.00,59.39,13.54,0.00,0.00,0.00,35.36,3.22,40.50,38.50,0.73,0.00,4.06,0.00,0.00,0.00,28.20,0.00,24.48,0.00,25.75,6.46,0.00,47.41,5.14,75.49,29.27,0.71,80.13,20.32,3.87,40.63,100.00,20.79,32.30,0.00,0.00,2.92,8.13,5.25,12.81,0.00,4.76
Jul 2017,83.07,38.53,64.20,0.00,0.00,0.00,18.45,12.04,0.00,0.00,28.15,0.00,60.19,0.00,24.08,68.66,40.67,72.21,#DIV/0!,0.00,77.17,10.70,0.00,6.25,0.00,34.92,0.00,100.00,40.74,1.44,0.00,3.01,0.00,7.04,0.00,39.78,0.00,24.18,0.00,38.14,0.00,0.00,30.76,0.00,63.90,46.24,1.40,43.96,12.04,3.27,32.10,35.91,20.53,44.66,0.00,0.00,0.00,0.00,0.00,12.65,5.67,2.35
Aug 2017,82.90,48.94,68.80,0.00,0.00,15.29,61.52,30.58,0.00,0.00,13.41,0.00,38.22,1.36,22.93,50.87,38.74,54.04,#DIV/0!,0.00,82.33,12.74,0.00,87.29,0.00,60.48,0.00,57.15,33.63,100.00,100.00,6.69,0.00,4.47,3.49,41.68,0.00,0.00,0.00,60.55,0.00,0.00,33.13,0.00,35.51,44.05,0.00,67.00,11.47,5.72,45.87,51.31,13.04,66.85,0.00,0.00,0.00,7.64,4.23,100.00,0.00,4.48
Sep 2017,65.30,68.60,70.14,0.00,0.00,15.59,53.76,23.38,0.00,1.57,13.67,0.00,62.35,0.00,15.59,48.15,39.49,85.14,#DIV/0!,0.00,85.13,5.20,6.02,26.29,0.00,73.99,0.00,58.27,31.65,27.93,24.10,10.72,0.00,6.84,3.56,50.22,0.00,23.48,0.00,30.87,3.10,0.00,27.28,0.00,41.37,39.29,100.00,51.23,19.48,7.42,23.38,17.44,6.64,49.56,0.00,0.00,0.00,15.59,1.44,36.85,27.53,0.00
Oct 2017,64.13,98.17,81.78,0.00,0.00,14.87,34.19,48.33,0.00,1.50,13.04,3.39,74.35,0.00,44.61,49.47,37.67,52.56,#DIV/0!,0.00,94.94,24.78,5.74,0.00,0.00,100.00,5.89,46.32,75.48,2.00,0.00,3.72,0.00,100.00,1.70,55.28,0.00,22.40,0.00,41.22,0.00,0.00,43.37,2.35,74.00,32.13,36.99,40.72,22.30,6.06,59.48,66.54,6.34,29.55,0.00,0.00,0.00,14.87,1.37,10.55,26.26,0.00
Nov 2017,46.01,74.70,77.17,0.00,0.00,29.87,85.86,18.67,0.00,0.00,0.00,0.00,41.07,0.67,52.28,53.24,50.45,52.79,#DIV/0!,0.00,78.70,12.45,5.77,0.00,0.00,41.36,0.00,18.61,78.35,0.67,1.78,5.60,0.00,2.18,0.00,40.72,0.00,22.50,1.46,65.07,2.97,0.00,11.20,0.00,59.47,64.55,3.91,65.45,22.40,5.58,52.28,41.77,44.57,65.30,0.00,3.25,0.00,7.47,2.76,5.88,0.00,8.75
Dec 2017,57.89,51.54,50.51,0.00,2.68,15.15,34.84,30.31,0.00,1.53,13.29,0.00,41.67,0.68,30.31,75.62,51.19,48.69,#DIV/0!,0.00,82.76,17.68,0.00,1.97,0.00,35.97,3.00,47.20,100.00,2.04,0.00,1.89,0.00,0.00,1.73,63.84,0.00,45.65,0.00,60.02,0.00,0.00,27.78,2.40,90.50,54.57,5.95,41.50,15.15,3.60,30.31,67.81,64.60,30.12,0.00,0.00,0.00,15.15,2.80,3.58,37.47,11.10
Jan 2018,73.97,67.03,46.53,0.00,0.00,6.98,24.07,31.41,0.00,1.41,24.48,0.00,45.37,1.24,6.98,66.35,70.74,71.77,#DIV/0!,0.00,81.08,20.94,5.39,3.62,0.00,66.27,0.00,34.79,54.33,0.63,1.66,6.11,0.00,2.04,1.59,38.06,0.00,21.03,0.00,27.64,2.77,0.00,26.76,0.00,55.58,35.19,4.87,38.23,10.47,4.74,20.94,54.66,23.81,55.49,0.00,0.00,0.00,0.00,2.58,6.60,0.00,2.05
Feb 2018,79.48,52.23,56.31,1.01,2.72,23.04,17.66,26.88,0.00,0.00,40.40,0.00,57.59,0.00,38.40,51.09,0.00,44.41,#DIV/0!,0.00,89.20,10.24,5.93,1.99,0.00,33.42,9.12,66.98,54.57,2.06,0.00,1.92,0.00,4.49,1.75,57.09,0.00,46.27,1.50,42.58,0.00,0.00,35.84,4.86,45.86,55.31,3.35,58.89,7.68,3.65,53.75,77.31,58.93,42.73,0.00,0.00,0.00,7.68,11.34,6.05,0.00,4.50
Mar 2018,65.41,89.43,55.88,0.00,1.24,34.92,56.21,17.46,0.00,0.00,12.25,3.19,73.34,0.00,48.89,39.83,58.99,35.91,#DIV/0!,0.00,87.04,13.97,5.39,3.63,0.00,74.60,2.77,43.52,66.18,1.25,0.00,3.49,0.00,0.00,0.00,62.32,1.11,42.09,1.37,44.26,0.00,0.00,47.73,2.21,60.25,45.28,1.83,45.91,20.95,4.75,6.98,62.51,59.55,94.39,0.00,0.00,5.02,13.97,10.32,4.40,0.00,0.00
Apr 2018,60.32,72.01,47.99,0.00,0.00,28.79,49.66,39.59,0.00,0.00,50.50,0.00,50.39,0.00,57.59,47.90,36.48,37.01,#DIV/0!,0.00,80.85,24.00,5.56,1.87,0.00,68.35,0.00,17.94,34.11,0.64,0.00,3.60,0.00,4.21,1.64,42.82,2.29,0.00,0.00,68.43,2.86,0.00,33.59,2.28,57.32,57.03,1.26,31.55,21.60,4.40,71.99,32.21,30.69,68.67,0.00,0.00,0.00,7.20,10.63,5.67,0.00,2.11
May 2018,68.57,54.23,61.83,0.00,0.00,21.40,24.61,17.83,0.00,0.00,62.55,0.00,35.67,0.00,28.54,74.59,48.20,55.01,#DIV/0!,0.00,82.31,14.27,16.53,5.55,2.86,87.49,0.00,71.11,36.21,0.64,0.00,4.46,2.21,2.09,0.00,45.97,3.40,21.49,0.00,39.55,0.00,100.00,34.48,0.00,42.60,35.97,1.25,54.71,14.27,2.91,42.80,63.84,36.49,45.37,0.00,0.00,0.00,14.27,3.95,7.87,5.04,0.00
Jun 2018,73.13,23.17,77.20,0.00,1.28,7.24,33.28,32.57,0.00,0.00,38.08,0.00,65.13,0.00,36.19,65.35,48.90,55.81,#DIV/0!,0.00,92.41,24.12,0.00,1.88,0.00,54.40,2.87,27.05,36.74,1.30,0.00,4.52,2.24,2.12,4.96,60.98,100.00,65.41,0.00,34.40,8.63,33.82,41.01,0.00,67.23,52.13,1.26,47.57,10.86,8.85,28.95,64.77,30.85,57.53,0.00,3.15,0.00,21.71,2.00,19.39,0.00,0.00
Jul 2018,82.72,51.43,64.27,0.00,0.00,35.71,73.89,39.28,0.00,0.00,25.05,0.00,42.85,0.00,35.71,64.49,12.06,59.66,#DIV/0!,0.00,82.95,16.66,5.52,5.56,0.00,53.68,0.00,80.08,41.08,0.64,0.00,5.36,4.42,2.09,0.00,46.01,4.54,21.51,1.40,45.25,2.84,33.37,46.42,0.00,47.39,72.01,0.62,31.29,24.99,4.85,14.28,55.92,12.18,56.77,0.00,0.00,0.00,0.00,0.66,12.38,10.09,2.09
Aug 2018,88.19,47.73,91.22,0.00,0.00,7.02,32.27,14.03,0.00,0.00,61.53,0.00,31.58,0.63,49.12,50.02,35.56,36.08,#DIV/0!,0.00,67.47,16.37,10.84,54.63,0.00,63.85,2.78,43.72,45.12,3.14,0.00,8.77,100.00,4.10,3.20,38.26,1.11,21.14,0.00,83.37,8.37,0.00,38.59,2.22,46.56,55.59,0.61,30.75,21.05,3.34,56.14,47.10,23.93,44.62,0.00,0.00,0.00,7.02,2.59,6.64,24.79,0.00
Sep 2018,51.04,100.00,64.27,0.00,0.00,28.56,32.84,24.99,0.00,0.00,0.00,0.00,46.42,0.64,42.85,54.30,24.12,36.71,#DIV/0!,0.00,76.90,9.52,5.51,7.41,0.00,59.32,2.83,17.80,48.33,1.28,0.00,4.46,0.00,0.00,1.63,67.25,3.40,43.03,1.40,79.19,0.00,0.00,30.94,2.26,47.38,66.86,0.62,31.29,21.42,2.43,49.99,63.91,36.53,68.12,0.00,0.00,0.00,14.28,0.00,5.63,5.04,18.83
Oct 2018,56.16,93.94,82.87,0.00,0.00,34.53,39.70,17.26,0.00,0.00,48.44,0.00,48.34,0.00,27.62,52.51,69.98,48.82,#DIV/0!,0.00,85.52,16.11,0.00,3.58,0.00,71.03,0.00,43.02,39.73,1.24,0.00,4.32,0.00,2.02,1.58,82.15,2.19,20.81,0.00,43.76,0.00,96.80,51.79,4.37,64.15,59.69,1.21,22.70,24.17,3.29,48.34,30.90,29.44,49.41,0.00,0.00,0.00,0.00,3.19,11.97,0.00,28.33
Nov 2018,71.51,76.46,68.42,0.93,1.25,14.16,81.37,14.16,0.00,0.00,12.41,0.00,42.47,0.00,56.62,84.09,23.91,54.58,#DIV/0!,0.00,86.02,14.16,10.93,5.51,0.00,50.40,0.00,52.91,64.67,3.17,0.00,6.19,2.19,2.07,0.00,70.16,0.00,42.65,0.00,33.64,5.63,33.07,42.47,2.24,56.36,91.76,0.00,54.28,17.69,2.89,49.54,47.50,42.24,56.26,0.00,0.00,0.00,14.16,2.61,3.35,100.00,22.81
Dec 2018,58.31,51.64,54.97,0.00,0.00,0.00,41.22,25.10,0.00,0.00,12.57,0.00,53.78,0.00,35.85,40.89,0.00,59.90,#DIV/0!,0.00,76.67,14.34,5.54,0.00,0.00,56.73,0.00,89.34,72.80,0.00,0.00,1.79,0.00,4.19,1.64,56.86,2.28,43.20,0.00,45.44,2.85,0.00,39.44,2.27,33.31,67.14,0.00,31.42,14.34,3.41,28.68,56.15,24.45,51.30,0.00,0.00,2.58,21.51,1.99,7.91,15.20,21.01
Jan 2019,71.08,82.42,75.53,0.00,0.00,6.87,55.26,24.03,0.00,0.00,12.04,0.00,34.33,0.00,48.07,68.53,46.39,39.72,#DIV/0!,0.00,95.08,4.58,0.00,1.78,0.00,54.33,0.00,42.78,69.71,1.85,0.00,3.43,0.00,6.02,3.14,74.88,1.09,20.69,1.34,27.20,0.00,0.00,38.91,0.00,50.12,29.67,0.00,45.14,20.60,5.13,13.73,99.86,46.84,49.13,0.00,0.00,2.47,20.60,2.54,9.74,0.00,0.00
Feb 2019,89.68,68.34,76.74,1.95,0.00,7.43,25.61,25.99,0.00,0.00,26.05,0.00,25.99,0.00,44.56,67.06,87.80,38.18,#DIV/0!,0.00,90.83,17.33,5.74,1.93,0.00,76.38,2.94,46.27,52.78,0.00,0.00,5.57,2.30,10.86,0.00,62.57,0.00,44.75,0.00,100.00,2.95,0.00,40.84,0.00,19.71,26.74,0.00,48.81,22.28,2.52,29.70,41.54,37.99,29.52,0.00,0.00,0.00,14.85,2.06,8.19,0.00,4.35
Mar 2019,80.55,95.35,70.36,0.00,0.00,0.00,86.11,13.62,0.00,0.00,11.94,0.00,51.07,0.00,40.85,61.48,34.50,56.89,#DIV/0!,0.00,94.80,27.24,0.00,19.44,0.00,88.89,2.70,42.42,59.91,1.22,0.00,7.66,0.00,3.98,0.00,67.50,1.08,20.51,0.00,53.93,5.41,31.82,27.24,0.00,54.22,63.75,0.00,52.22,6.81,3.24,40.85,45.70,40.64,92.02,0.00,0.00,0.00,20.43,0.63,6.44,0.00,1.99
Apr 2019,75.41,59.79,85.40,0.93,0.00,14.23,57.27,14.23,0.00,0.00,0.00,0.00,49.81,0.00,7.12,37.20,72.12,54.88,#DIV/0!,0.00,84.85,16.60,10.99,9.23,0.00,59.12,0.00,26.60,48.17,1.91,0.00,4.45,0.00,6.24,0.00,63.49,0.00,42.88,0.00,45.09,2.83,33.25,35.58,4.50,66.11,82.01,1.86,46.78,17.79,0.97,35.58,23.88,24.27,39.60,0.00,0.00,0.00,7.12,0.66,12.34,5.03,2.08
May 2019,77.29,82.76,68.95,0.00,0.00,6.67,46.03,16.68,0.00,0.00,81.91,3.05,50.04,0.00,60.05,76.11,67.62,55.74,#DIV/0!,0.00,73.40,11.12,0.00,8.66,0.00,55.43,0.00,41.57,45.16,1.20,0.00,4.17,0.00,3.90,3.05,66.14,0.00,40.20,0.00,79.28,5.30,31.18,42.26,0.00,66.41,38.45,1.16,21.93,6.67,3.63,33.36,59.71,56.89,79.56,0.00,0.00,2.40,20.02,1.23,7.36,0.00,11.73
Jun 2019,65.12,47.30,46.36,0.00,0.00,13.91,63.96,13.91,0.00,1.40,60.98,0.00,55.63,0.00,55.63,59.49,23.49,67.03,#DIV/0!,0.00,73.82,13.91,0.00,3.61,0.00,52.27,0.00,60.65,25.89,1.25,0.00,6.95,0.00,6.10,0.00,62.04,5.52,41.90,0.00,71.61,8.29,0.00,41.72,2.20,32.30,80.14,0.00,7.62,20.86,6.62,41.72,77.79,23.72,44.22,0.00,0.00,100.00,41.72,4.49,8.77,0.00,14.26
Jul 2019,68.36,35.19,58.63,0.00,0.00,20.30,15.56,23.68,0.00,0.00,35.59,0.00,47.36,0.00,47.36,73.95,34.28,100.00,#DIV/0!,0.00,71.82,27.06,0.00,7.02,0.00,58.88,5.36,84.30,50.37,1.21,0.00,5.07,4.19,1.98,1.55,53.65,5.37,40.76,2.65,42.87,2.69,31.61,34.95,0.00,31.42,29.24,0.59,29.65,10.15,4.60,27.06,75.68,40.38,48.40,0.00,0.00,4.86,0.00,2.50,11.73,0.00,3.96
Aug 2019,72.93,69.96,69.49,0.00,100.00,26.90,23.20,40.35,0.00,0.00,23.59,0.00,30.26,0.00,40.35,51.14,11.36,60.51,#DIV/0!,0.00,79.15,13.45,10.39,12.22,0.00,69.17,0.00,67.04,52.35,2.41,0.00,6.73,0.00,1.97,0.00,100.00,3.20,20.26,0.00,21.31,0.00,0.00,40.35,0.00,40.16,48.44,0.59,36.84,13.45,2.29,60.53,82.75,17.20,58.81,0.00,0.00,2.42,0.00,1.24,13.78,23.76,0.00
Sep 2019,69.42,99.29,42.48,0.88,4.75,20.12,53.97,33.53,0.00,100.00,47.05,0.00,43.59,0.00,53.65,82.87,22.66,94.82,#DIV/0!,0.00,76.35,15.65,0.00,3.48,0.00,82.25,2.66,16.71,61.28,1.80,0.00,5.03,0.00,0.00,0.00,76.46,0.00,40.41,0.00,69.06,2.67,0.00,43.59,2.12,71.21,62.80,0.59,29.39,13.41,3.65,20.12,90.03,62.90,37.32,0.00,0.00,0.00,46.95,2.48,6.34,9.48,1.96
Oct 2019,68.24,80.57,69.22,0.00,0.00,18.88,50.64,12.59,0.00,1.27,44.15,0.00,37.76,0.00,50.34,65.80,21.26,52.57,#DIV/0!,0.00,81.32,6.29,0.00,9.80,0.00,59.75,2.49,62.73,55.37,0.56,0.75,3.15,0.00,5.52,2.87,77.98,1.00,56.88,0.00,74.77,5.00,0.00,45.10,1.99,91.87,40.79,0.00,68.94,3.15,4.28,88.10,77.44,26.83,55.03,0.00,0.00,0.00,6.29,3.49,7.93,13.34,0.00
Nov 2019,85.57,76.02,45.86,0.00,2.32,13.10,30.13,26.21,8.07,1.32,0.00,0.00,36.03,0.00,32.76,59.16,22.13,54.73,#DIV/0!,0.00,87.69,17.47,0.00,6.80,0.00,64.79,2.59,89.80,70.95,0.59,0.00,9.01,0.00,1.92,0.00,58.45,2.08,39.47,0.00,51.89,2.60,0.00,33.85,2.07,73.90,56.62,0.00,71.77,16.38,4.01,39.31,73.29,50.27,67.70,0.00,0.00,0.00,26.21,2.42,8.26,9.26,3.84
Dec 2019,60.76,70.09,69.21,0.00,0.00,6.49,29.84,12.98,14.00,1.31,34.14,0.00,35.69,0.00,25.95,83.26,21.92,58.38,#DIV/0!,0.00,87.84,8.65,0.00,5.05,0.00,77.00,0.00,72.76,70.26,0.00,0.77,5.68,2.01,1.90,4.45,77.18,0.00,19.55,0.00,77.09,0.00,0.00,37.85,0.00,38.75,51.41,0.57,49.76,19.46,4.41,25.95,58.07,22.13,46.42,0.00,0.00,2.33,6.49,2.99,7.16,9.17,0.00
Jan 2020,50.27,69.25,63.88,0.00,4.38,6.18,14.21,18.54,100.00,1.25,21.68,0.00,34.00,0.00,61.82,49.94,20.88,75.48,#DIV/0!,1.92,83.69,8.24,0.00,0.00,0.00,78.25,4.90,7.70,56.48,0.00,0.00,5.41,0.00,1.81,2.82,82.73,0.98,0.00,3.63,39.17,4.91,0.00,35.03,1.95,45.12,53.43,5.40,47.40,12.36,4.20,74.18,96.81,47.43,49.14,0.00,0.00,2.22,12.36,0.57,8.77,87.34,0.00
Feb 2020,56.12,86.04,40.06,0.00,1.12,6.32,58.17,41.11,4.87,0.00,11.09,0.00,34.79,0.00,25.30,93.19,85.46,81.29,#DIV/0!,5.39,97.79,12.65,0.00,6.57,0.00,72.56,2.50,39.41,34.25,1.13,0.00,4.74,0.00,3.70,1.44,90.91,1.00,57.17,0.00,60.12,7.54,0.00,43.22,2.00,41.97,41.00,1.10,55.43,15.81,4.30,44.27,35.38,37.75,50.28,0.00,0.00,0.00,18.97,5.25,7.97,8.94,1.85
Mar 2020,47.90,62.21,46.27,0.00,0.98,16.66,38.30,13.88,1.71,1.12,19.48,0.00,41.65,0.00,49.98,63.34,18.76,67.80,#DIV/0!,100.00,70.48,20.36,0.00,2.88,0.00,65.90,0.00,48.43,60.13,1.00,0.00,13.88,3.44,0.00,1.27,85.32,0.88,33.46,0.00,35.19,0.00,0.00,49.98,0.00,58.95,43.99,0.00,36.50,13.88,3.77,22.21,24.85,23.67,35.31,8.36,0.00,0.00,5.55,3.59,7.88,7.85,3.25
Apr 2020,59.31,53.75,67.16,0.00,0.00,5.60,77.22,22.39,0.86,1.13,49.08,0.00,30.78,0.00,39.18,69.16,37.81,39.57,#DIV/0!,67.20,92.56,20.52,0.00,4.36,0.00,66.42,2.22,48.82,51.14,0.50,0.00,5.60,1.73,1.64,3.83,77.68,0.89,33.72,1.10,48.77,2.22,26.15,51.31,1.77,44.57,56.44,0.00,55.18,5.60,2.28,44.78,68.87,28.63,71.19,0.00,0.00,2.01,5.60,1.55,6.17,3.95,1.64
May 2020,72.45,62.14,49.92,0.00,0.00,27.74,0.00,22.19,0.00,0.00,68.10,0.00,44.38,15.82,55.47,34.27,56.21,46.34,#DIV/0!,16.97,88.33,18.49,8.57,2.88,0.00,70.22,0.00,48.38,43.18,0.99,0.00,6.24,0.00,1.62,0.00,65.99,0.00,16.71,1.09,30.76,2.20,25.92,59.17,0.00,58.89,83.90,0.48,66.85,13.87,3.02,38.83,93.08,52.02,22.05,0.00,0.00,1.99,16.64,2.05,6.99,7.84,3.25
Jun 2020,78.41,50.92,61.71,0.00,2.05,17.36,53.21,49.17,0.89,0.00,40.58,0.00,60.74,100.00,75.20,63.24,48.85,52.05,#DIV/0!,15.01,85.44,13.50,4.47,3.00,0.00,70.94,0.00,43.25,48.94,0.52,0.00,9.40,0.00,3.38,0.00,91.76,2.76,17.43,1.13,54.99,4.60,27.03,58.81,0.00,69.10,100.00,0.00,50.70,11.57,3.54,46.28,32.36,49.32,32.19,17.42,0.00,0.00,40.49,2.14,12.76,4.09,100.00
Jul 2020,58.33,59.19,80.87,0.00,0.00,17.75,61.23,5.92,0.00,0.00,31.13,0.00,56.21,4.75,23.67,53.43,59.96,60.84,#DIV/0!,12.37,86.03,21.70,0.00,3.07,0.00,65.54,2.34,44.24,44.05,1.59,0.00,8.88,0.00,10.38,1.35,64.52,0.94,17.83,1.16,46.87,4.70,82.94,62.13,0.00,23.56,76.71,0.52,38.89,26.63,2.41,29.59,46.33,65.59,32.93,8.91,0.00,0.00,23.67,0.55,7.46,0.00,24.27
Aug 2020,56.91,52.12,69.07,0.00,1.05,17.76,68.07,23.68,0.91,0.00,10.38,100.00,59.21,4.75,59.21,61.90,100.00,53.27,#DIV/0!,8.94,81.07,27.63,0.00,6.15,0.00,81.98,0.00,29.51,30.05,1.59,0.00,3.70,0.00,5.19,4.06,93.91,0.00,35.67,2.32,65.66,2.35,0.00,60.19,0.00,47.14,72.49,0.00,19.46,14.80,4.83,41.44,86.10,55.53,65.89,0.00,0.00,0.00,17.76,3.83,10.26,20.91,3.47
Sep 2020,69.71,92.39,44.26,0.00,1.02,11.55,53.10,34.64,0.00,0.00,10.12,0.00,20.20,2.06,51.95,65.85,48.75,22.26,#DIV/0!,10.06,89.26,30.79,0.00,3.00,0.00,66.23,0.00,50.35,37.12,1.55,0.00,5.05,0.00,3.38,2.64,60.09,0.92,69.57,0.00,68.59,0.00,0.00,70.24,3.65,42.14,58.21,0.00,50.59,17.32,4.32,63.50,51.66,54.14,68.84,8.69,0.00,0.00,17.32,1.60,6.37,97.88,5.07
Oct 2020,47.15,69.38,61.79,0.00,1.06,0.00,20.62,35.88,0.00,0.00,41.94,2.73,38.87,2.13,53.81,79.57,30.30,49.95,#DIV/0!,6.02,79.57,17.94,9.24,3.10,0.00,35.48,0.00,22.35,44.52,0.54,0.00,3.74,0.00,1.75,0.00,80.02,2.85,36.03,0.00,66.31,2.38,27.94,58.80,1.89,63.48,73.21,0.00,26.20,20.93,2.84,47.83,53.51,61.18,66.55,0.00,0.00,0.00,11.96,1.10,14.14,21.12,5.26
Nov 2020,58.93,66.24,71.53,0.00,1.09,18.39,35.25,9.20,1.89,0.00,10.75,2.80,33.72,1.09,55.18,49.54,51.78,74.87,#DIV/0!,4.75,87.25,36.79,4.74,6.36,0.00,80.04,2.43,45.84,45.65,1.10,0.00,6.90,1.90,7.17,0.00,51.66,3.90,36.94,0.00,58.28,2.44,0.00,65.40,0.00,61.03,39.75,0.00,20.15,12.26,1.67,30.66,54.87,26.14,58.49,55.40,0.00,0.00,18.39,1.13,12.56,12.99,3.59
Dec 2020,51.84,59.41,47.44,0.00,0.00,6.19,64.02,21.66,0.95,0.00,10.85,0.00,55.69,0.55,30.94,61.75,20.90,55.67,#DIV/0!,7.19,89.48,22.69,0.00,3.21,0.00,73.43,0.00,46.26,60.72,1.11,0.00,5.41,0.00,1.81,0.00,76.67,0.00,55.92,0.00,29.41,0.00,0.00,45.37,0.00,61.58,66.85,0.00,27.11,6.19,0.00,49.50,48.45,52.75,39.35,55.90,0.00,0.00,12.37,1.14,10.73,4.37,3.63
Jan 2021,47.61,86.96,50.31,0.00,1.07,12.07,97.17,30.19,0.00,0.00,21.18,0.00,48.30,1.61,42.26,51.65,20.39,54.32,#DIV/0!,7.95,92.42,14.09,0.00,6.27,0.00,83.59,0.00,37.61,22.47,1.08,0.00,7.55,0.00,1.77,5.51,86.78,0.00,54.57,0.00,23.91,4.80,0.00,56.35,1.91,40.06,65.23,0.00,46.30,9.06,1.64,66.41,60.78,30.88,47.99,100.00,0.00,2.17,18.11,0.56,6.66,0.00,3.54
Feb 2021,58.91,79.70,57.54,0.00,1.18,19.92,83.97,13.28,1.02,0.00,0.00,0.00,63.08,1.18,46.48,59.96,22.43,51.20,#DIV/0!,2.31,85.29,42.05,0.00,5.17,0.00,84.05,0.00,33.09,42.69,2.38,0.00,5.81,2.06,3.88,1.52,62.53,0.00,60.01,0.00,26.30,2.64,31.02,66.40,4.20,52.87,62.17,0.58,29.10,23.24,3.61,46.48,89.13,28.31,73.89,49.99,0.00,0.00,39.84,1.23,58.60,0.00,15.56
Mar 2021,50.41,95.87,50.65,0.00,3.10,29.22,40.31,17.53,0.00,0.00,51.24,8.00,55.52,2.08,70.13,66.66,69.09,45.07,#DIV/0!,2.72,79.57,37.01,0.00,3.03,0.00,67.04,0.00,65.54,41.53,1.05,0.00,5.84,1.81,5.13,1.33,89.79,1.86,0.00,1.14,69.43,0.00,0.00,53.57,1.85,23.27,54.72,0.51,57.62,2.92,2.78,75.97,45.76,29.90,55.75,8.80,0.00,0.00,11.69,2.16,11.97,0.00,8.56
Apr 2021,62.50,76.72,55.67,0.00,0.00,18.56,21.33,12.37,0.00,0.00,43.39,0.00,40.20,1.10,55.67,88.19,41.79,55.65,#DIV/0!,5.75,95.16,41.23,0.00,0.00,0.00,85.64,0.00,53.95,27.21,0.00,0.00,34.02,0.00,0.00,2.82,95.04,2.95,55.90,2.42,39.19,4.92,0.00,68.04,0.00,61.56,44.55,0.54,13.55,9.28,1.68,80.41,76.11,63.28,68.84,55.88,0.00,0.00,6.19,0.57,12.67,0.00,0.00
May 2021,0.00,40.01,100.00,0.00,0.00,100.00,0.00,100.00,0.00,0.00,0.00,0.00,100.00,0.00,100.00,95.05,0.00,64.27,#DIV/0!,7.75,100.00,100.00,0.00,0.00,0.00,39.56,0.00,0.00,0.00,0.00,0.00,100.00,0.00,0.00,0.00,0.00,0.00,0.00,0.00,0.00,0.00,0.00,100.00,0.00,0.00,0.00,0.00,0.00,100.00,6.80,100.00,0.00,0.00,79.50,0.00,0.00,0.00,100.00,9.23,15.76,0.00,0.00